<?xml version="1.0" encoding="UTF-8"?>
<Configuration status="WARN" monitorInterval="30">
    <Properties>
        <Property name="LOG_PATTERN">%d{yyyy-MM-dd HH:mm:ss.SSS} %-5p %X{PID}   --- [%t] %c : %m%n</Property>
        <Property name="APP_LOG_ROOT">logs</Property>
    </Properties>
    <Appenders>
        <!-- Console Appender -->
        <Console name="Console" target="SYSTEM_OUT" follow="true">
            <PatternLayout pattern="${LOG_PATTERN}" />
        </Console>
        <!-- File Appender -->
        <RollingFile name="appLog" fileName="${APP_LOG_ROOT}/consumer.log"
                     filePattern="${APP_LOG_ROOT}/consumer-%d{yyyy-MM-dd}-%i.log">
            <PatternLayout pattern="${LOG_PATTERN}" />
            <Policies>
                <SizeBasedTriggeringPolicy size="19500KB" />
            </Policies>
            <DefaultRolloverStrategy max="1" />
        </RollingFile>
    </Appenders>
    <Loggers>
        <Logger name="com.zeta" additivity="false">
            <AppenderRef ref="appLog" />
            <AppenderRef ref="Console" />
        </Logger>
        <Root level="info">
            <AppenderRef ref="Console" />
            <AppenderRef ref="appLog" />
        </Root>
        <Root level="warn">
            <AppenderRef ref="Console" />
            <AppenderRef ref="appLog" />
        </Root>
    </Loggers>
</Configuration>